customer_id,first_name,last_name,email,country
1,Anna,Schmidt,anna.schmidt@email.com,Germany
2,Lucas,Martins,lucas.martins@email.com,Germany
3,Sofia,Costa,sofia.costa@email.com,Portugal
4,Daniel,Meyer,daniel.meyer@email.com,Germany
5,Emma,Rossi,emma.rossi@email.com,Italy
6,Miguel,Silva,miguel.silva@email.com,Portugal
7,Laura,Fischer,laura.fischer@email.com,Germany
8,Thomas,Weber,thomas.weber@email.com,Germany
9,Clara,Santos,clara.santos@email.com,Portugal
10,David,Bianchi,david.bianchi@email.com,Italy
11,Julia,Keller,julia.keller@email.com,Germany
12,Marco,Costa,marco.costa@email.com,Portugal
13,Nina,Schneider,nina.schneider@email.com,Germany
14,Pedro,Ferreira,pedro.ferreira@email.com,Portugal
15,Sophie,Müller,sophie.mueller@email.com,Germany
16,Andreas,Huber,andreas.huber@email.com,Germany
17,Beatriz,Almeida,beatriz.almeida@email.com,Portugal
18,Elena,Conti,elena.conti@email.com,Italy
19,Max,Wagner,max.wagner@email.com,Germany
20,Inês,Pereira,ines.pereira@email.com,Portugal
