order_id,product_id,quantity
1001,101,2
1001,103,1
1002,108,1
1002,109,2
1003,102,1
1003,104,3
1004,114,1
1004,112,2
1005,105,2
1005,110,1
1006,107,1
1006,113,1
1007,101,1
1007,106,2
1008,108,2
1008,111,1
1009,103,2
1009,115,1
1010,114,1
1010,102,2
1011,104,5
1011,110,2
1012,106,1
1012,109,3
1013,101,2
1013,105,1
1014,113,1
1014,112,3
1015,108,1
1015,114,1
1016,103,3
1016,111,2
1017,102,1
1017,107,1
1018,115,2
1018,109,1
1019,104,4
1019,110,1
1020,101,1
1020,106,1
1021,108,1
1021,113,2
1022,114,2
1022,103,1
1023,105,3
1023,112,2
1024,107,1
1024,111,2
1025,102,2
1025,104,3
1026,115,1
1026,109,2
1027,113,1
1027,110,2
1028,108,2
1028,106,1
1029,103,2
1029,105,1
1030,114,1
1030,112,3
1031,101,2
1031,111,1
1032,107,2
1032,115,1
1033,108,1
1033,113,1
1034,102,3
1034,104,2
1035,109,2
1035,110,1
1036,114,1
1036,103,2
1037,101,1
1037,105,2
1038,112,4
1038,111,1
1039,108,1
1039,115,2
1040,113,1
1040,106,2
1041,102,1
1041,107,2
1042,103,1
1042,114,1
1043,105,2
1043,109,1
1044,101,2
1044,110,2
1045,108,1
1045,112,2
1046,113,1
1046,115,2
1047,114,1
1047,102,1
1048,107,2
1048,111,1
1049,103,2
1049,105,1
1050,108,2
1050,109,1
