order_id,customer_id,order_date
1001,1,2026-01-05
1002,3,2026-01-08
1003,5,2026-01-12
1004,1,2026-01-20
1005,7,2026-01-25
1006,2,2026-02-03
1007,4,2026-02-07
1008,8,2026-02-11
1009,3,2026-02-18
1010,10,2026-02-24
1011,11,2026-03-02
1012,6,2026-03-05
1013,1,2026-03-09
1014,12,2026-03-14
1015,9,2026-03-21
1016,13,2026-03-28
1017,2,2026-04-03
1018,14,2026-04-07
1019,5,2026-04-12
1020,11,2026-04-18
1021,15,2026-04-25
1022,3,2026-05-02
1023,7,2026-05-06
1024,16,2026-05-11
1025,1,2026-05-19
1026,17,2026-05-24
1027,18,2026-06-01
1028,4,2026-06-08
1029,2,2026-06-15
1030,19,2026-06-21
1031,6,2026-06-27
1032,20,2026-07-03
1033,8,2026-07-09
1034,3,2026-07-15
1035,11,2026-07-22
1036,5,2026-08-01
1037,1,2026-08-07
1038,14,2026-08-13
1039,9,2026-08-19
1040,12,2026-08-25
1041,7,2026-09-02
1042,2,2026-09-08
1043,15,2026-09-14
1044,4,2026-09-18
1045,6,2026-09-21
1046,10,2026-09-23
1047,1,2026-09-25
1048,13,2026-09-26
1049,3,2026-09-28
1050,11,2026-09-30
