product_id,product_name,category,price
101,Laptop Stand,Office,39.99
102,Wireless Keyboard,Electronics,59.99
103,USB-C Hub,Electronics,34.99
104,Notebook,Office,8.99
105,Wireless Mouse,Electronics,24.99
106,Desk Lamp,Home,29.99
107,Webcam,Electronics,49.99
108,Headphones,Electronics,79.99
109,Coffee Mug,Home,12.99
110,Desk Organizer,Office,19.99
111,Phone Stand,Accessories,14.99
112,USB Cable,Accessories,9.99
113,Backpack,Accessories,44.99
114,External SSD,Electronics,89.99
115,Water Bottle,Home,18.99
